Date,BTC,ADA,SOL
2025-01-01,"94,560.2",0.9211,194.157
2024-12-31,"93,557.2",0.8453,189.485
2024-12-30,"92,779.8",0.8614,191.330
2024-12-29,"93,716.3",0.8589,189.892
2024-12-28,"95,284.5",0.8895,195.350
2024-12-27,"94,275.9",0.8769,184.121
2024-12-26,"95,777.7",0.8610,188.448
2024-12-25,"99,391.3",0.9174,197.447
2024-12-24,"98,668.1",0.9358,196.997
2024-12-23,"94,852.1",0.9265,189.989
2024-12-22,"95,183.8",0.8838,180.482
2024-12-21,"97,253.3",0.9045,181.146
2024-12-20,"97,795.7",0.9510,194.436
2024-12-19,"97,466.1",0.8810,193.835
2024-12-18,"100,197.8",0.9697,206.745
2024-12-17,"106,138.9",1.0510,222.810
2024-12-16,"106,057.6",1.0778,216.172
2024-12-15,"104,443.0",1.0993,223.797
2024-12-14,"101,417.7",1.0612,219.877
2024-12-13,"101,426.2",1.1207,224.910
2024-12-12,"100,009.9",1.1232,226.925
2024-12-11,"101,126.2",1.0870,227.408
2024-12-10,"96,600.3",1.0216,213.680
2024-12-09,"97,359.4",1.1968,217.012
2024-12-08,"101,115.8",1.1933,237.097
2024-12-07,"99,837.0",1.2105,238.379
2024-12-06,"99,760.7",1.2275,236.799
2024-12-05,"96,970.8",1.1609,236.242
2024-12-04,"98,635.8",1.1863,229.216
2024-12-03,"95,898.7",1.1915,233.980
2024-12-02,"95,846.6",1.2021,225.794
2024-12-01,"97,201.4",1.1486,236.775
2024-11-30,"96,405.7",1.0779,237.600
2024-11-29,"97,438.0",1.0757,243.285
2024-11-28,"95,645.5",1.0318,237.594
2024-11-27,"95,886.6",1.0125,241.983
2024-11-26,"91,977.6",0.9621,230.745
2024-11-25,"93,064.4",0.9430,234.073
2024-11-24,"97,935.2",1.0223,252.800
2024-11-23,"97,699.0",1.0658,254.913
2024-11-22,"98,929.7",1.0140,256.576
2024-11-21,"98,374.5",0.8211,256.587
2024-11-20,"94,303.9",0.7997,235.513
2024-11-19,"92,239.2",0.7382,237.593
2024-11-18,"90,478.7",0.7326,239.769
2024-11-17,"89,833.7",0.7026,237.467
2024-11-16,"90,539.1",0.7415,215.662
2024-11-15,"91,046.5",0.7064,218.439
2024-11-14,"87,294.0",0.5790,209.490
2024-11-13,"90,422.2",0.5783,215.187
2024-11-12,"87,941.3",0.5700,211.579
2024-11-11,"88,664.1",0.6125,222.141
2024-11-10,"80,388.5",0.5894,210.053
2024-11-09,"76,700.3",0.4954,199.920
2024-11-08,"76,517.3",0.4441,199.844
2024-11-07,"75,868.6",0.4065,196.233
2024-11-06,"75,586.3",0.3631,186.627
2024-11-05,"69,373.7",0.3336,166.624
2024-11-04,"67,848.8",0.3264,157.953
2024-11-03,"68,769.6",0.3339,162.483
2024-11-02,"69,325.8",0.3481,166.082
2024-11-01,"69,507.2",0.3575,166.165
2024-10-31,"70,281.8",0.3418,168.754
2024-10-30,"72,347.8",0.3550,174.918
2024-10-29,"72,730.4",0.3560,179.425
2024-10-28,"69,954.1",0.3437,178.199
2024-10-27,"68,004.6",0.3400,176.701
2024-10-26,"67,086.8",0.3339,170.798
2024-10-25,"66,696.8",0.3260,165.098
2024-10-24,"68,191.5",0.3465,177.159
2024-10-23,"66,663.7",0.3500,170.927
2024-10-22,"67,427.3",0.3645,167.364
2024-10-21,"67,371.3",0.3608,166.142
2024-10-20,"69,030.5",0.3650,167.338
2024-10-19,"68,372.0",0.3514,159.683
2024-10-18,"68,423.1",0.3507,154.913
2024-10-17,"67,418.4",0.3432,150.503
2024-10-16,"67,617.9",0.3522,154.275
2024-10-15,"67,077.5",0.3592,154.774
2024-10-14,"66,081.7",0.3644,157.536
2024-10-13,"62,870.9",0.3487,147.682
2024-10-12,"63,205.1",0.3532,146.404
2024-10-11,"62,499.4",0.3517,145.449
2024-10-10,"60,316.2",0.3396,139.038
2024-10-09,"60,628.8",0.3395,139.308
2024-10-08,"62,157.0",0.3449,143.516
2024-10-07,"62,245.6",0.3508,143.932
2024-10-06,"62,819.4",0.3574,146.488
2024-10-05,"62,061.4",0.3509,142.604
2024-10-04,"62,081.0",0.3517,143.161
2024-10-03,"60,751.2",0.3451,136.835
2024-10-02,"60,645.7",0.3432,140.236
2024-10-01,"60,835.5",0.3523,145.261
2024-09-30,"63,339.2",0.3734,152.630
2024-09-29,"65,607.1",0.3976,158.479
2024-09-28,"65,866.5",0.4006,156.710
2024-09-27,"65,776.3",0.4017,157.647
2024-09-26,"65,175.7",0.4016,155.548
2024-09-25,"63,156.5",0.3811,147.999
2024-09-24,"64,256.8",0.3876,152.684
2024-09-23,"63,331.8",0.3638,144.713
2024-09-22,"63,572.7",0.3517,144.732
2024-09-21,"63,348.1",0.3583,149.414
2024-09-20,"63,201.2",0.3522,146.699
2024-09-19,"62,938.6",0.3510,142.874
2024-09-18,"61,757.6",0.3438,134.327
2024-09-17,"60,309.1",0.3339,131.540
2024-09-16,"58,213.1",0.3302,131.405
2024-09-15,"59,138.5",0.3386,131.425
2024-09-14,"59,995.4",0.3539,137.158
2024-09-13,"60,511.6",0.3605,139.069
2024-09-12,"58,134.5",0.3562,136.038
2024-09-11,"57,338.7",0.3531,132.404
2024-09-10,"57,635.0",0.3430,135.604
2024-09-09,"57,049.6",0.3433,135.048
2024-09-08,"54,861.3",0.3389,130.092
2024-09-07,"54,156.5",0.3253,127.733
2024-09-06,"53,966.8",0.3148,125.031
2024-09-05,"56,183.2",0.3251,129.462
2024-09-04,"57,973.4",0.3232,133.652
2024-09-03,"57,479.8",0.3184,127.457
2024-09-02,"59,134.0",0.3362,134.948
2024-09-01,"57,315.7",0.3311,128.572
2024-08-31,"58,978.6",0.3451,135.342
2024-08-30,"59,119.7",0.3468,137.975
2024-08-29,"59,373.5",0.3580,140.025
2024-08-28,"59,016.0",0.3500,143.928
2024-08-27,"59,450.9",0.3503,146.921
2024-08-26,"62,846.2",0.3661,157.136
2024-08-25,"64,273.2",0.3849,159.083
2024-08-24,"64,159.3",0.3936,160.667
2024-08-23,"64,053.1",0.3914,153.150
2024-08-22,"60,372.2",0.3763,143.194
2024-08-21,"61,158.1",0.3689,142.726
2024-08-20,"59,005.8",0.3433,142.295
2024-08-19,"59,470.9",0.3367,144.304
2024-08-18,"58,446.3",0.3343,142.420
2024-08-17,"59,483.1",0.3373,141.914
2024-08-16,"58,877.2",0.3303,139.044
2024-08-15,"57,534.6",0.3249,142.479
2024-08-14,"58,707.8",0.3354,143.765
2024-08-13,"60,595.2",0.3399,146.663
2024-08-12,"59,350.0",0.3390,146.321
2024-08-11,"58,713.3",0.3276,141.440
2024-08-10,"60,931.7",0.3457,154.016
2024-08-09,"60,850.6",0.3483,156.247
2024-08-08,"61,699.7",0.3516,162.920
2024-08-07,"55,120.9",0.3235,144.422
2024-08-06,"56,057.8",0.3310,144.385
2024-08-05,"53,979.0",0.3117,129.702
2024-08-04,"58,141.8",0.3440,138.174
2024-08-03,"60,696.7",0.3645,142.442
2024-08-02,"61,478.7",0.3637,152.837
2024-08-01,"65,372.9",0.3928,167.504
2024-07-31,"64,626.0",0.3883,171.678
2024-07-30,"66,184.9",0.4014,179.061
2024-07-29,"66,798.7",0.4034,182.606
2024-07-28,"68,256.3",0.4073,184.904
2024-07-27,"67,843.1",0.4173,183.818
2024-07-26,"67,908.6",0.4173,183.058
2024-07-25,"65,799.3",0.3948,171.837
2024-07-24,"65,370.5",0.4062,178.082
2024-07-23,"65,937.8",0.4099,173.000
2024-07-22,"67,553.6",0.4263,178.958
2024-07-21,"68,158.7",0.4470,184.414
2024-07-20,"67,148.5",0.4373,173.607
2024-07-19,"66,677.4",0.4389,169.153
2024-07-18,"63,980.5",0.4234,159.209
2024-07-17,"64,089.2",0.4359,155.325
2024-07-16,"65,049.7",0.4381,160.527
2024-07-15,"64,782.4",0.4452,159.616
2024-07-14,"60,794.9",0.4319,147.687
2024-07-13,"59,209.8",0.4414,141.884
2024-07-12,"57,885.1",0.4166,139.497
2024-07-11,"57,337.3",0.3959,135.776
2024-07-10,"57,746.7",0.3886,142.077
2024-07-09,"58,039.4",0.3754,141.368
2024-07-08,"56,724.7",0.3691,139.747
2024-07-07,"55,861.1",0.3464,131.462
2024-07-06,"58,259.2",0.3710,143.147
2024-07-05,"56,641.8",0.3498,134.309
2024-07-04,"57,026.3",0.3621,127.674
2024-07-03,"60,199.3",0.4069,140.744
2024-07-02,"62,103.3",0.4184,153.909
2024-07-01,"62,890.1",0.4032,146.669
2024-06-30,"62,754.3",0.3924,146.560
2024-06-29,"60,973.4",0.3840,140.185
2024-06-28,"60,403.3",0.3858,139.930
2024-06-27,"61,685.3",0.3913,149.703
2024-06-26,"60,849.4",0.3849,136.796
2024-06-25,"61,809.4",0.3918,136.573
2024-06-24,"60,292.7",0.3778,132.275
2024-06-23,"63,196.2",0.3801,128.644
2024-06-22,"64,261.0",0.3846,133.689
2024-06-21,"64,128.5",0.3759,134.536
2024-06-20,"64,854.3",0.3843,133.527
2024-06-19,"64,980.9",0.3845,135.646
2024-06-18,"65,159.9",0.3836,137.376
2024-06-17,"66,498.8",0.4012,143.225
2024-06-16,"66,674.7",0.4168,151.256
2024-06-15,"66,223.0",0.4140,145.500
2024-06-14,"66,034.8",0.4119,143.050
2024-06-13,"66,773.1",0.4211,147.250
2024-06-12,"68,260.1",0.4377,155.237
2024-06-11,"67,319.8",0.4220,149.351
2024-06-10,"69,538.2",0.4406,159.049
2024-06-09,"69,650.6",0.4442,162.136
2024-06-08,"69,310.1",0.4368,157.829
2024-06-07,"69,347.9",0.4493,162.504
2024-06-06,"70,791.5",0.4581,170.106
2024-06-05,"71,083.7",0.4612,173.491
2024-06-04,"70,549.2",0.4615,171.778
2024-06-03,"68,807.8",0.4573,164.958
2024-06-02,"67,773.5",0.4466,163.241
2024-06-01,"67,760.8",0.4500,166.116
2024-05-31,"67,530.1",0.4470,165.580
2024-05-30,"68,354.7",0.4465,166.895
2024-05-29,"67,635.8",0.4513,168.291
2024-05-28,"68,366.0",0.4575,168.694
2024-05-27,"69,428.7",0.4683,170.124
2024-05-26,"68,514.8",0.4582,163.354
2024-05-25,"69,284.4",0.4623,168.385
2024-05-24,"68,547.6",0.4600,167.785
2024-05-23,"67,975.7",0.4657,176.040
2024-05-22,"69,155.4",0.4834,177.027
2024-05-21,"70,139.9",0.4947,178.179
2024-05-20,"71,422.7",0.5021,186.788
2024-05-19,"66,279.1",0.4672,169.936
2024-05-18,"66,917.5",0.4821,172.441
2024-05-17,"67,036.8",0.4822,169.441
2024-05-16,"65,231.0",0.4596,159.306
2024-05-15,"66,225.1",0.4526,158.285
2024-05-14,"61,569.4",0.4283,142.023
2024-05-13,"62,937.2",0.4368,147.411
2024-05-12,"61,480.0",0.4377,143.417
2024-05-11,"60,826.6",0.4389,145.391
2024-05-10,"60,796.9",0.4479,146.032
2024-05-09,"63,075.0",0.4635,152.795
2024-05-08,"61,207.5",0.4519,142.206
2024-05-07,"62,317.7",0.4416,148.062
2024-05-06,"63,163.1",0.4540,152.825
2024-05-05,"64,006.4",0.4579,145.692
2024-05-04,"63,888.3",0.4632,146.057
2024-05-03,"62,877.5",0.4671,143.639
2024-05-02,"59,121.3",0.4579,137.648
2024-05-01,"58,331.2",0.4502,134.643
2024-04-30,"60,666.6",0.4412,126.740
2024-04-29,"63,860.1",0.4571,137.686
2024-04-28,"63,109.7",0.4600,137.895
2024-04-27,"63,456.8",0.4674,141.306
2024-04-26,"63,766.4",0.4629,139.104
2024-04-25,"64,497.1",0.4705,144.808
2024-04-24,"64,285.7",0.4747,147.739
2024-04-23,"66,415.0",0.5000,154.743
2024-04-22,"66,829.3",0.5166,156.979
2024-04-21,"64,940.2",0.5005,148.785
2024-04-20,"64,961.1",0.5071,151.138
2024-04-19,"63,799.1",0.4678,142.362
2024-04-18,"63,481.4",0.4579,142.037
2024-04-17,"61,278.9",0.4441,131.919
2024-04-16,"63,805.3",0.4584,136.227
2024-04-15,"63,411.9",0.4609,138.499
2024-04-14,"65,697.4",0.4673,151.412
2024-04-13,"63,849.9",0.4444,138.641
2024-04-12,"67,151.9",0.5027,153.281
2024-04-11,"70,011.6",0.5859,172.432
2024-04-10,"70,622.1",0.5864,173.329
2024-04-09,"69,148.0",0.5913,172.390
2024-04-08,"71,630.1",0.6140,180.691
2024-04-07,"69,360.4",0.5892,179.541
2024-04-06,"68,890.6",0.5837,178.703
2024-04-05,"67,830.6",0.5740,174.368
2024-04-04,"68,496.5",0.5831,183.999
2024-04-03,"65,963.0",0.5694,185.076
2024-04-02,"65,439.2",0.5806,181.446
2024-04-01,"69,664.4",0.6211,192.224
2024-03-31,"71,332.0",0.6501,202.510
2024-03-30,"69,611.5",0.6438,194.221
2024-03-29,"69,871.7",0.6640,192.107
2024-03-28,"70,762.1",0.6508,189.482
2024-03-27,"69,442.4",0.6478,186.180
2024-03-26,"69,999.3",0.6649,190.465
2024-03-25,"69,892.0",0.6567,188.979
2024-03-24,"67,211.9",0.6467,183.676
2024-03-23,"64,037.8",0.6231,172.641
2024-03-22,"63,785.5",0.6147,175.087
2024-03-21,"65,503.8",0.6317,179.417
2024-03-20,"67,854.0",0.6393,191.897
2024-03-19,"62,050.0",0.5868,169.894
2024-03-18,"67,594.1",0.6601,195.866
2024-03-17,"68,391.2",0.6810,201.830
2024-03-16,"65,314.2",0.6593,182.079
2024-03-15,"69,463.7",0.7269,183.334
2024-03-14,"71,387.5",0.7508,176.523
2024-03-13,"73,066.3",0.7645,163.907
2024-03-12,"71,470.2",0.7482,151.054
2024-03-11,"72,099.1",0.7736,148.791
2024-03-10,"68,964.8",0.7167,144.407
2024-03-09,"68,366.5",0.7418,144.238
2024-03-08,"68,172.0",0.7230,144.748
2024-03-07,"66,855.3",0.7427,143.888
2024-03-06,"66,080.4",0.7348,130.734
2024-03-05,"63,792.6",0.6932,125.249
2024-03-04,"68,270.1",0.7693,132.896
2024-03-03,"63,135.8",0.7280,130.220
2024-03-02,"61,994.5",0.7413,130.078
2024-03-01,"62,397.7",0.7187,129.914
2024-02-29,"61,169.3",0.6540,125.588
2024-02-28,"62,467.6",0.6289,118.877
2024-02-27,"57,056.2",0.6236,108.398
2024-02-26,"54,495.1",0.6193,109.851
2024-02-25,"51,722.7",0.5913,103.475
2024-02-24,"51,571.6",0.5968,104.012
2024-02-23,"50,740.5",0.5822,99.827
2024-02-22,"51,320.4",0.5862,101.774
2024-02-21,"51,858.2",0.5987,105.059
2024-02-20,"52,263.5",0.6220,108.292
2024-02-19,"51,783.6",0.6305,111.465
2024-02-18,"52,117.5",0.6190,112.206
2024-02-17,"51,646.0",0.6094,108.913
2024-02-16,"52,134.2",0.5987,110.341
2024-02-15,"51,901.3",0.6086,113.555
2024-02-14,"51,782.4",0.5768,116.959
2024-02-13,"49,716.0",0.5449,112.502
2024-02-12,"49,941.3",0.5593,111.803
2024-02-11,"48,277.3",0.5414,107.439
2024-02-10,"47,758.2",0.5515,109.032
2024-02-09,"47,127.5",0.5405,106.909
2024-02-08,"45,293.3",0.5299,102.760
2024-02-07,"44,339.8",0.5022,101.058
2024-02-06,"43,087.7",0.4983,96.850
2024-02-05,"42,697.2",0.4942,95.624
2024-02-04,"42,581.4",0.4934,95.435
2024-02-03,"43,005.7",0.5124,97.940
2024-02-02,"43,194.7",0.5145,100.542
2024-02-01,"43,081.4",0.5077,97.803
2024-01-31,"42,580.5",0.4979,97.043
2024-01-30,"42,946.2",0.5139,101.377
2024-01-29,"43,299.8",0.5259,101.613
2024-01-28,"42,030.7",0.4902,95.982
2024-01-27,"42,120.9",0.4862,94.201
2024-01-26,"41,811.3",0.4848,92.209
2024-01-25,"39,935.7",0.4665,86.880
2024-01-24,"40,086.0",0.4765,88.769
2024-01-23,"39,888.8",0.4774,84.303
2024-01-22,"39,556.4",0.4786,83.829
2024-01-21,"41,583.2",0.5030,91.055
2024-01-20,"41,695.4",0.5161,92.756
2024-01-19,"41,648.0",0.5043,93.655
2024-01-18,"41,292.7",0.5024,94.352
2024-01-17,"42,768.7",0.5282,102.070
2024-01-16,"43,145.5",0.5357,97.607
2024-01-15,"42,510.7",0.5274,94.398
2024-01-14,"41,746.1",0.5252,93.855
2024-01-13,"42,851.3",0.5491,95.774
2024-01-12,"42,835.9",0.5477,92.039
2024-01-11,"46,348.2",0.5819,99.862
2024-01-10,"46,629.3",0.5654,102.024
2024-01-09,"46,129.0",0.5123,99.370
2024-01-08,"46,962.2",0.5412,97.860
2024-01-07,"43,927.3",0.4940,89.328
2024-01-06,"43,967.9",0.5226,93.728
2024-01-05,"44,156.9",0.5414,99.930
2024-01-04,"44,157.0",0.5699,104.876
2024-01-03,"42,836.1",0.5568,98.536
2024-01-02,"44,943.7",0.6049,106.720
2024-01-01,"44,183.4",0.6228,109.628
2023-12-31,"42,272.5",0.5943,101.590
2023-12-30,"42,136.7",0.6011,101.808
2023-12-29,"42,072.4",0.6083,106.166
2023-12-28,"42,581.1",0.6160,101.845
2023-12-27,"43,446.5",0.6335,106.782
2023-12-26,"42,513.3",0.6083,112.603
2023-12-25,"43,578.5",0.6243,120.761
2023-12-24,"42,981.5",0.5914,112.471
2023-12-23,"43,710.4",0.6128,107.948
2023-12-22,"43,968.9",0.6226,97.972
2023-12-21,"43,865.9",0.6354,93.920
2023-12-20,"43,662.8",0.5897,82.164
2023-12-19,"42,259.3",0.5760,73.078
2023-12-18,"42,659.7",0.6027,74.394
2023-12-17,"41,368.7",0.5803,70.737
2023-12-16,"42,271.7",0.6082,73.724
2023-12-15,"41,929.0",0.6004,72.545
2023-12-14,"43,025.9",0.6434,75.686
2023-12-13,"42,884.5",0.6671,70.598
2023-12-12,"41,487.0",0.5781,68.550
2023-12-11,"41,256.1",0.5505,70.297
2023-12-10,"43,791.0",0.5946,74.750
2023-12-09,"43,718.4",0.5779,72.319
2023-12-08,"44,175.5",0.5453,74.896
2023-12-07,"43,289.7",0.4544,67.791
2023-12-06,"43,776.3",0.4425,61.896
2023-12-05,"44,076.2",0.4252,60.959
2023-12-04,"41,987.8",0.4068,61.572
2023-12-03,"39,970.2",0.3947,62.988
2023-12-02,"39,458.4",0.3970,63.807
2023-12-01,"38,688.2",0.3839,59.754
2023-11-30,"37,712.9",0.3757,59.199
2023-11-29,"37,855.5",0.3817,59.294
2023-11-28,"37,823.3",0.3853,58.192
2023-11-27,"37,248.6",0.3778,55.060
2023-11-26,"37,451.8",0.3873,57.559
2023-11-25,"37,787.0",0.3940,58.809
2023-11-24,"37,717.3",0.3861,56.863
2023-11-23,"37,293.1",0.3870,56.412
2023-11-22,"37,410.8",0.3802,57.482
2023-11-21,"35,813.6",0.3569,51.691
2023-11-20,"37,454.1",0.3803,56.574
2023-11-19,"37,354.2",0.3841,61.114
2023-11-18,"36,568.6",0.3772,58.552
2023-11-17,"36,595.4",0.3672,58.497
2023-11-16,"36,161.2",0.3709,57.815
2023-11-15,"37,874.9",0.3787,65.555
2023-11-14,"35,549.3",0.3578,56.820
2023-11-13,"36,478.3",0.3569,51.662
2023-11-12,"37,064.4",0.3835,56.350
2023-11-11,"37,150.5",0.3844,56.354
2023-11-10,"37,303.0",0.3863,56.677
2023-11-09,"36,700.5",0.3682,45.335
2023-11-08,"35,636.9",0.3578,43.127
2023-11-07,"35,426.1",0.3513,42.946
2023-11-06,"35,042.0",0.3623,42.187
2023-11-05,"35,019.4",0.3417,41.154
2023-11-04,"35,065.8",0.3278,42.424
2023-11-03,"34,718.7",0.3291,39.452
2023-11-02,"34,931.4",0.3230,40.246
2023-11-01,"35,423.8",0.3073,41.113
2023-10-31,"34,650.6",0.2930,38.398
2023-10-30,"34,477.9",0.3030,34.942
2023-10-29,"34,526.7",0.2954,32.805
2023-10-28,"34,082.6",0.2911,31.632
2023-10-27,"33,901.8",0.2893,31.724
2023-10-26,"34,153.7",0.2872,32.780
2023-10-25,"34,496.8",0.2808,32.444
2023-10-24,"33,917.0",0.2791,30.160
2023-10-23,"33,041.8",0.2806,31.922
2023-10-22,"29,984.2",0.2639,29.049
2023-10-21,"29,912.9",0.2586,29.343
2023-10-20,"29,674.5",0.2512,27.020
2023-10-19,"28,723.0",0.2469,24.942
2023-10-18,"28,321.7",0.2430,23.417
2023-10-17,"28,403.6",0.2464,23.934
2023-10-16,"28,509.7",0.2512,23.952
2023-10-15,"27,161.2",0.2473,21.914
2023-10-14,"26,852.8",0.2470,21.990
2023-10-13,"26,863.5",0.2458,21.840
2023-10-12,"26,761.1",0.2460,21.299
2023-10-11,"26,876.6",0.2480,22.015
2023-10-10,"27,391.0",0.2491,22.098
2023-10-09,"27,581.4",0.2513,22.097
2023-10-08,"27,922.7",0.2564,23.224
2023-10-07,"27,961.1",0.2587,23.303
2023-10-06,"27,936.9",0.2646,23.483
2023-10-05,"27,410.3",0.2601,22.670
2023-10-04,"27,790.9",0.2590,23.140
2023-10-03,"27,428.4",0.2610,23.608
2023-10-02,"27,505.3",0.2591,23.360
2023-10-01,"27,974.5",0.2658,23.883
2023-09-30,"26,962.7",0.2540,21.364
2023-09-29,"26,909.8",0.2494,20.280
2023-09-28,"27,022.6",0.2489,19.960
2023-09-27,"26,366.1",0.2446,19.127
2023-09-26,"26,218.9",0.2454,19.026
2023-09-25,"26,302.7",0.2459,19.398
2023-09-24,"26,251.5",0.2428,19.358
2023-09-23,"26,579.2",0.2461,19.488
2023-09-22,"26,581.9",0.2449,19.428
2023-09-21,"26,570.0",0.2450,19.463
2023-09-20,"27,125.0",0.2517,20.297
2023-09-19,"27,209.2",0.2548,20.030
2023-09-18,"26,763.5",0.2515,19.648
2023-09-17,"26,529.1",0.2471,18.822
2023-09-16,"26,562.0",0.2503,19.130
2023-09-15,"26,601.0",0.2506,19.140
2023-09-14,"26,524.7",0.2513,18.850
2023-09-13,"26,223.0",0.2486,18.398
2023-09-12,"25,834.5",0.2454,17.910
2023-09-11,"25,166.4",0.2421,17.736
2023-09-10,"25,840.2",0.2490,18.230
2023-09-09,"25,901.1",0.2533,19.432
2023-09-08,"25,909.5",0.2544,19.610
2023-09-07,"26,249.8",0.2580,19.904
2023-09-06,"25,758.0",0.2577,19.640
2023-09-05,"25,790.2",0.2578,20.258
2023-09-04,"25,823.3",0.2561,19.517
2023-09-03,"25,971.0",0.2558,19.572
2023-09-02,"25,869.7",0.2562,19.500
2023-09-01,"25,803.2",0.2551,19.322
2023-08-31,"25,937.3",0.2554,19.727
2023-08-30,"27,298.8",0.2654,20.812
2023-08-29,"27,723.9",0.2726,21.792
2023-08-28,"26,118.9",0.2676,20.568
2023-08-27,"26,100.6",0.2634,20.790
2023-08-26,"26,017.1",0.2610,20.288
2023-08-25,"26,057.2",0.2612,20.420
2023-08-24,"26,177.0",0.2659,21.058
2023-08-23,"26,436.2",0.2681,21.738
2023-08-22,"26,039.9",0.2585,20.584
2023-08-21,"26,126.0",0.2628,21.190
2023-08-20,"26,190.8",0.2704,21.768
2023-08-19,"26,099.4",0.2687,21.900
2023-08-18,"26,053.2",0.2639,21.348
2023-08-17,"26,635.7",0.2552,21.700
2023-08-16,"28,726.3",0.2748,22.816
2023-08-15,"29,195.3",0.2822,23.946
2023-08-14,"29,426.7",0.2906,25.176
2023-08-13,"29,300.1",0.2896,24.230
2023-08-12,"29,428.2",0.2919,24.902
2023-08-11,"29,420.8",0.2933,24.618
2023-08-10,"29,449.0",0.2964,24.605
2023-08-09,"29,578.0",0.3013,24.385
2023-08-08,"29,777.4",0.2975,24.210
2023-08-07,"29,204.2",0.2910,23.109
2023-08-06,"29,081.3",0.2922,23.197
2023-08-05,"29,068.1",0.2938,22.648
2023-08-04,"29,105.5",0.2935,22.796
2023-08-03,"29,189.3",0.2925,22.640
2023-08-02,"29,173.7",0.2994,23.148
2023-08-01,"29,712.2",0.3103,24.010
2023-07-31,"29,232.4",0.3070,23.720
2023-07-30,"29,281.7",0.3157,24.250
2023-07-29,"29,353.5",0.3129,25.160
2023-07-28,"29,315.0",0.3099,24.820
2023-07-27,"29,222.7",0.3077,25.102
2023-07-26,"29,352.2",0.3069,25.190
2023-07-25,"29,228.6",0.3036,23.270
2023-07-24,"29,178.1",0.3053,23.370
2023-07-23,"30,085.9",0.3171,24.760
2023-07-22,"29,788.9",0.3100,24.520
2023-07-21,"29,903.1",0.3127,25.492
2023-07-20,"29,801.0",0.3158,25.371
2023-07-19,"29,909.7",0.3226,26.320
2023-07-18,"29,866.8",0.3093,25.554
2023-07-17,"30,139.7",0.3118,26.804
2023-07-16,"30,235.5",0.3145,27.420
2023-07-15,"30,291.4",0.3261,27.456
2023-07-14,"30,317.4",0.3278,26.679
2023-07-13,"31,466.1",0.3564,25.995
2023-07-12,"30,387.3",0.2890,21.942
2023-07-11,"30,623.3",0.2927,22.078
2023-07-10,"30,415.3",0.2878,21.305
2023-07-09,"30,166.9",0.2845,21.342
2023-07-08,"30,288.8",0.2906,21.823
2023-07-07,"30,346.4",0.2845,21.493
2023-07-06,"29,913.1",0.2789,19.641
2023-07-05,"30,512.8",0.2841,18.990
2023-07-04,"30,768.4",0.2923,19.134
2023-07-03,"31,151.3",0.2967,19.234
2023-07-02,"30,617.7",0.2917,19.462
2023-07-01,"30,586.8",0.2925,18.719
2023-06-30,"30,472.9",0.2867,18.858
2023-06-29,"30,445.7",0.2751,17.990
2023-06-28,"30,078.6",0.2667,15.965
2023-06-27,"30,689.1",0.2866,16.622
2023-06-26,"30,267.0",0.2805,16.262
2023-06-25,"30,465.3",0.2920,16.964
2023-06-24,"30,533.6",0.2894,16.642
2023-06-23,"30,679.4",0.2963,17.142
2023-06-22,"29,890.5",0.2900,16.634
2023-06-21,"29,996.9",0.2864,17.245
2023-06-20,"28,307.7",0.2704,16.633
2023-06-19,"26,845.9",0.2634,16.102
2023-06-18,"26,339.7",0.2610,15.448
2023-06-17,"26,515.0",0.2667,15.640
2023-06-16,"26,341.3",0.2632,15.320
2023-06-15,"25,591.3",0.2621,14.787
2023-06-14,"25,129.5",0.2634,14.488
2023-06-13,"25,929.4",0.2751,15.038
2023-06-12,"25,906.8",0.2747,15.190
2023-06-11,"25,928.4",0.2720,15.551
2023-06-10,"25,844.0",0.2749,15.623
2023-06-09,"26,479.3",0.2951,17.398
2023-06-08,"26,501.1",0.3227,18.892
2023-06-07,"26,342.5",0.3223,18.627
2023-06-06,"27,230.2",0.3530,20.390
2023-06-05,"25,747.4",0.3515,20.000
2023-06-04,"27,122.3",0.3774,21.830
2023-06-03,"27,072.0",0.3759,21.190
2023-06-02,"27,244.7",0.3781,21.258
2023-06-01,"26,819.0",0.3644,20.497
2023-05-31,"27,216.1",0.3744,20.823
2023-05-30,"27,698.2",0.3779,21.253
2023-05-29,"27,739.4",0.3788,20.572
2023-05-28,"28,071.2",0.3828,20.802
2023-05-27,"26,857.5",0.3667,20.424
2023-05-26,"26,711.5",0.3626,19.350
2023-05-25,"26,475.8",0.3581,19.250
2023-05-24,"26,328.4",0.3639,19.213
2023-05-23,"27,220.7",0.3704,20.028
2023-05-22,"26,847.3",0.3680,19.530
2023-05-21,"26,749.9",0.3602,19.612
2023-05-20,"27,116.2",0.3663,20.290
2023-05-19,"26,882.9",0.3681,20.350
2023-05-18,"26,828.0",0.3713,20.347
2023-05-17,"27,403.1",0.3755,21.047
2023-05-16,"27,035.3",0.3684,20.673
2023-05-15,"27,183.9",0.3671,20.990
2023-05-14,"26,920.0",0.3710,20.944
2023-05-13,"26,777.5",0.3646,20.832
2023-05-12,"26,799.2",0.3705,20.906
2023-05-11,"26,983.5",0.3597,20.184
2023-05-10,"27,603.3",0.3693,20.932
2023-05-09,"27,634.9",0.3633,20.673
2023-05-08,"27,670.5",0.3653,20.632
2023-05-07,"28,424.8",0.3759,21.655
2023-05-06,"28,857.1",0.3787,21.928
2023-05-05,"29,513.2",0.3941,22.825
2023-05-04,"28,842.1",0.3873,21.740
2023-05-03,"29,023.6",0.3939,22.220
2023-05-02,"28,669.1",0.3916,22.252
2023-05-01,"28,077.6",0.3867,21.975
2023-04-30,"29,252.1",0.3955,22.739
2023-04-29,"29,234.1",0.4025,23.186
2023-04-28,"29,321.8",0.4045,23.348
2023-04-27,"29,475.9",0.4101,22.332
2023-04-26,"28,424.6",0.4014,21.284
2023-04-25,"28,298.8",0.3945,21.920
2023-04-24,"27,509.3",0.3835,21.380
2023-04-23,"27,591.4",0.3887,21.470
2023-04-22,"27,813.9",0.3956,21.795
2023-04-21,"27,264.8",0.3830,21.267
2023-04-20,"28,240.5",0.4007,22.183
2023-04-19,"28,813.7",0.4162,22.683
2023-04-18,"30,382.2",0.4433,24.823
2023-04-17,"29,434.9",0.4341,24.569
2023-04-16,"30,310.3",0.4513,25.360
2023-04-15,"30,299.6",0.4521,24.047
2023-04-14,"30,472.5",0.4381,24.723
2023-04-13,"30,387.4",0.4251,24.437
2023-04-12,"29,886.4",0.4044,23.788
2023-04-11,"30,209.6",0.4015,22.982
2023-04-10,"29,641.0",0.3971,20.904
2023-04-09,"28,326.6",0.3894,20.285
2023-04-08,"27,941.2",0.3855,20.043
2023-04-07,"27,910.4",0.3834,20.446
2023-04-06,"28,036.7",0.3829,20.620
2023-04-05,"28,173.5",0.3924,20.970
2023-04-04,"28,164.4",0.3894,20.922
2023-04-03,"27,802.1",0.3873,20.446
2023-04-02,"28,198.3",0.3814,20.524
2023-04-01,"28,456.1",0.3918,21.072
2023-03-31,"28,473.7",0.3989,21.165
2023-03-30,"28,029.5",0.3760,20.555
2023-03-29,"28,350.4",0.3812,21.110
2023-03-28,"27,262.2",0.3681,20.453
2023-03-27,"27,129.8",0.3456,19.900
2023-03-26,"27,973.5",0.3557,20.957
2023-03-25,"27,475.6",0.3514,20.425
2023-03-24,"27,462.2",0.3593,20.659
2023-03-23,"28,310.7",0.3717,22.184
2023-03-22,"27,261.7",0.3596,21.425
2023-03-21,"28,114.0",0.3700,22.574
2023-03-20,"27,720.5",0.3319,22.147
2023-03-19,"27,958.7",0.3447,21.855
2023-03-18,"26,914.5",0.3373,21.215
2023-03-17,"27,391.8",0.3493,21.624
2023-03-16,"25,004.1",0.3248,19.697
2023-03-15,"24,282.7",0.3241,19.261
2023-03-14,"24,699.7",0.3433,20.914
2023-03-13,"24,114.4",0.3432,20.425
2023-03-12,"21,994.8",0.3295,20.184
2023-03-11,"20,467.5",0.3050,18.113
2023-03-10,"20,156.7",0.3149,18.208
2023-03-09,"20,361.8",0.3102,17.341
2023-03-08,"21,710.8",0.3176,18.410
2023-03-07,"22,197.8",0.3305,20.236
2023-03-06,"22,410.0",0.3305,20.610
2023-03-05,"22,428.3",0.3369,20.974
2023-03-04,"22,347.1",0.3366,20.988
2023-03-03,"22,354.4",0.3431,21.423
2023-03-02,"23,465.4",0.3503,21.997
2023-03-01,"23,642.2",0.3604,22.520
2023-02-28,"23,130.5",0.3518,21.880
2023-02-27,"23,494.1",0.3647,22.677
2023-02-26,"23,558.7",0.3691,23.274
2023-02-25,"23,166.1",0.3620,22.378
2023-02-24,"23,191.5",0.3657,23.080
2023-02-23,"23,936.3",0.3824,23.918
2023-02-22,"24,186.6",0.3890,24.162
2023-02-21,"24,450.7",0.3926,24.980
2023-02-20,"24,839.5",0.4037,26.245
2023-02-19,"24,302.9",0.3997,24.869
2023-02-18,"24,631.4",0.4061,23.453
2023-02-17,"24,573.5",0.4036,23.148
2023-02-16,"23,539.6",0.3873,22.293
2023-02-15,"24,327.9",0.4187,23.880
2023-02-14,"22,198.5",0.3867,21.842
2023-02-13,"21,772.6",0.3591,20.777
2023-02-12,"21,786.8",0.3642,21.502
2023-02-11,"21,859.8",0.3685,20.813
2023-02-10,"21,635.0",0.3583,20.122
2023-02-09,"21,792.5",0.3622,20.480
2023-02-08,"22,964.6",0.3942,23.215
2023-02-07,"23,251.7",0.3989,23.825
2023-02-06,"22,761.8",0.3820,22.652
2023-02-05,"22,936.0",0.3924,23.464
2023-02-04,"23,323.8",0.3991,24.350
2023-02-03,"23,431.2",0.4038,24.670
2023-02-02,"23,427.6",0.3970,24.254
2023-02-01,"23,725.6",0.3969,24.986
2023-01-31,"23,125.1",0.3903,23.923
2023-01-30,"22,832.2",0.3725,23.966
2023-01-29,"23,753.1",0.3978,26.097
2023-01-28,"23,027.9",0.3822,24.016
2023-01-27,"23,074.6",0.3895,24.420
2023-01-26,"23,016.0",0.3798,24.349
2023-01-25,"23,055.1",0.3730,24.510
2023-01-24,"22,632.5",0.3588,22.767
2023-01-23,"22,915.5",0.3750,24.316
2023-01-22,"22,707.8",0.3763,24.222
2023-01-21,"22,775.7",0.3687,24.547
2023-01-20,"22,677.2",0.3645,25.550
2023-01-19,"21,081.2",0.3380,21.420
2023-01-18,"20,670.6",0.3266,20.849
2023-01-17,"21,137.1",0.3456,22.870
2023-01-16,"21,184.2",0.3503,23.578
2023-01-15,"20,879.8",0.3507,22.897
2023-01-14,"20,958.2",0.3525,24.247
2023-01-13,"19,927.0",0.3456,18.287
2023-01-12,"18,851.3",0.3294,16.600
2023-01-11,"17,942.3",0.3231,16.357
2023-01-10,"17,439.1",0.3224,16.194
2023-01-09,"17,180.1",0.3169,16.266
2023-01-08,"17,119.0",0.2972,14.482
2023-01-07,"16,943.6",0.2766,13.094
2023-01-06,"16,950.9",0.2786,13.520
2023-01-05,"16,829.8",0.2691,13.420
2023-01-04,"16,852.1",0.2678,13.438
2023-01-03,"16,674.2",0.2529,13.370
2023-01-02,"16,674.3",0.2537,11.274
2023-01-01,"16,618.4",0.2499,10.000
2022-12-31,"16,537.4",0.2456,9.955
2022-12-30,"16,607.2",0.2457,9.895
2022-12-29,"16,636.4",0.2439,9.658
2022-12-28,"16,546.2",0.2482,9.760
2022-12-27,"16,706.1",0.2603,11.090
2022-12-26,"16,918.1",0.2652,11.339
2022-12-25,"16,831.8",0.2591,11.385
2022-12-24,"16,837.2",0.2592,11.450
2022-12-23,"16,779.1",0.2594,11.785
2022-12-22,"16,820.6",0.2567,11.810
2022-12-21,"16,831.8",0.2534,12.140
2022-12-20,"16,902.8",0.2587,12.270
2022-12-19,"16,441.3",0.2528,11.940
2022-12-18,"16,741.1",0.2659,12.370
2022-12-17,"16,777.1",0.2669,12.505
2022-12-16,"16,629.6",0.2634,12.276
2022-12-15,"17,356.1",0.3002,14.046
2022-12-14,"17,796.4",0.3079,14.124
2022-12-13,"17,778.6",0.3140,13.883
2022-12-12,"17,210.4",0.3069,13.314
2022-12-11,"17,093.3",0.3074,13.423
2022-12-10,"17,127.2",0.3126,13.577
2022-12-09,"17,125.7",0.3117,13.580
2022-12-08,"17,225.7",0.3144,13.690
2022-12-07,"16,835.2",0.3102,13.493
2022-12-06,"17,089.3",0.3182,14.300
2022-12-05,"16,966.5",0.3193,13.823
2022-12-04,"17,112.6",0.3225,13.710
2022-12-03,"16,884.5",0.3196,13.293
2022-12-02,"17,093.6",0.3193,13.713
2022-12-01,"16,972.0",0.3145,13.504
2022-11-30,"17,163.9",0.3187,14.157
2022-11-29,"16,440.4",0.3091,13.346
2022-11-28,"16,211.7",0.3066,13.324
2022-11-27,"16,425.6",0.3126,14.111
2022-11-26,"16,456.5",0.3135,14.166
2022-11-25,"16,512.3",0.3145,14.010
2022-11-24,"16,601.2",0.3163,14.586
2022-11-23,"16,623.9",0.3188,14.362
2022-11-22,"16,212.9",0.3124,12.422
2022-11-21,"15,776.2",0.3046,11.836
2022-11-20,"16,286.7",0.3122,12.274
2022-11-19,"16,699.2",0.3280,12.830
2022-11-18,"16,638.3",0.3240,13.186
2022-11-17,"16,691.2",0.3254,13.730
2022-11-16,"16,540.5",0.3285,14.173
2022-11-15,"16,895.1",0.3371,14.315
2022-11-14,"16,613.7",0.3321,13.989
2022-11-13,"16,324.5",0.3297,13.157
2022-11-12,"16,795.2",0.3395,14.544
2022-11-11,"17,049.9",0.3558,16.451
2022-11-10,"17,589.1",0.3687,17.638
2022-11-09,"15,886.9",0.3168,14.016
2022-11-08,"18,527.4",0.3724,24.314
2022-11-07,"20,589.0",0.4039,29.599
2022-11-06,"20,916.3",0.4024,32.627
2022-11-05,"21,301.6",0.4265,36.874
2022-11-04,"21,145.9",0.4215,33.737
2022-11-03,"20,206.4",0.3893,30.860
2022-11-02,"20,154.4",0.3858,30.813
2022-11-01,"20,483.5",0.4012,32.203
2022-10-31,"20,496.3",0.4058,32.571
2022-10-30,"20,626.3",0.4057,32.933
2022-10-29,"20,809.8",0.4205,32.873
2022-10-28,"20,594.4",0.4045,32.053
2022-10-27,"20,292.9",0.3882,30.596
2022-10-26,"20,769.5",0.4031,31.294
2022-10-25,"20,082.7",0.4000,30.887
2022-10-24,"19,331.5",0.3572,28.300
2022-10-23,"19,571.2",0.3621,29.293
2022-10-22,"19,204.8",0.3513,28.008
2022-10-21,"19,162.6",0.3490,28.103
2022-10-20,"19,042.9",0.3402,28.037
2022-10-19,"19,123.9",0.3498,28.857
2022-10-18,"19,328.2",0.3623,30.140
2022-10-17,"19,548.2",0.3723,31.213
2022-10-16,"19,261.9",0.3703,30.167
2022-10-15,"19,068.7",0.3640,29.588
2022-10-14,"19,181.8",0.3668,30.004
2022-10-13,"19,379.8",0.3769,30.507
2022-10-12,"19,154.8",0.3813,31.156
2022-10-11,"19,059.1",0.3908,30.810
2022-10-10,"19,134.6",0.4011,31.934
2022-10-09,"19,441.0",0.4229,32.923
2022-10-08,"19,415.0",0.4219,32.576
2022-10-07,"19,531.3",0.4239,32.980
2022-10-06,"19,956.7",0.4287,33.369
2022-10-05,"20,157.5",0.4309,34.040
2022-10-04,"20,340.2",0.4356,34.101
2022-10-03,"19,628.3",0.4276,32.888
2022-10-02,"19,052.2",0.4193,32.064
2022-10-01,"19,311.9",0.4300,32.443
2022-09-30,"19,423.0",0.4347,33.243
2022-09-29,"19,593.0",0.4382,33.917
2022-09-28,"19,411.0",0.4361,33.213
2022-09-27,"19,081.0",0.4413,32.690
2022-09-26,"19,225.7",0.4473,33.887
2022-09-25,"18,803.2",0.4462,32.306
2022-09-24,"18,925.2",0.4511,33.417
2022-09-23,"19,293.5",0.4621,33.670
2022-09-22,"19,404.0",0.4582,32.415
2022-09-21,"18,489.0",0.4395,30.761
2022-09-20,"18,872.4",0.4421,31.413
2022-09-19,"19,538.9",0.4526,32.623
2022-09-18,"19,418.8",0.4473,31.100
2022-09-17,"20,113.5",0.4860,33.711
2022-09-16,"19,802.4",0.4746,32.233
2022-09-15,"19,701.7",0.4662,33.088
2022-09-14,"20,222.5",0.4811,34.113
2022-09-13,"20,175.5",0.4634,32.996
2022-09-12,"22,395.3",0.5012,37.458
2022-09-11,"21,834.9",0.5098,34.990
2022-09-10,"21,650.4",0.5121,35.055
2022-09-09,"21,365.2",0.5025,34.719
2022-09-08,"19,317.4",0.4790,33.603
2022-09-07,"19,281.5",0.4785,32.681
2022-09-06,"18,786.4",0.4623,30.872
2022-09-05,"19,793.1",0.4986,32.157
2022-09-04,"19,999.9",0.5034,32.130
2022-09-03,"19,831.4",0.4802,31.120
2022-09-02,"19,952.7",0.4543,31.257
2022-09-01,"20,126.1",0.4573,31.603
2022-08-31,"20,043.9",0.4461,31.507
2022-08-30,"19,792.6",0.4526,31.443
2022-08-29,"20,295.8",0.4504,32.420
2022-08-28,"19,550.2",0.4289,30.330
2022-08-27,"20,033.9",0.4496,31.523
2022-08-26,"20,249.9",0.4312,31.756
2022-08-25,"21,565.4",0.4645,35.290
2022-08-24,"21,365.2",0.4578,34.896
2022-08-23,"21,517.2",0.4648,35.657
2022-08-22,"21,416.3",0.4619,35.450
2022-08-21,"21,517.2",0.4626,36.458
2022-08-20,"21,138.9",0.4507,35.280
2022-08-19,"20,831.3",0.4502,35.844
2022-08-18,"23,203.6",0.5119,39.495
2022-08-17,"23,338.0",0.5382,40.519
2022-08-16,"23,856.8",0.5571,43.127
2022-08-15,"24,101.7",0.5499,43.710
2022-08-14,"24,302.8",0.5695,44.876
2022-08-13,"24,442.5",0.5593,46.569
2022-08-12,"24,398.7",0.5402,45.439
2022-08-11,"23,935.3",0.5302,42.757
2022-08-10,"23,962.9",0.5373,42.462
2022-08-09,"23,146.7",0.5130,40.353
2022-08-08,"23,816.3",0.5372,42.230
2022-08-07,"23,175.3",0.5274,40.594
2022-08-06,"22,944.2",0.5113,40.055
2022-08-05,"23,308.2",0.5176,40.573
2022-08-04,"22,612.1",0.4994,38.804
2022-08-03,"22,820.8",0.5005,38.560
2022-08-02,"22,988.6",0.4966,39.733
2022-08-01,"23,271.2",0.5125,41.749
2022-07-31,"23,303.4",0.5167,42.416
2022-07-30,"23,634.2",0.5253,43.837
2022-07-29,"23,774.3",0.5213,41.909
2022-07-28,"23,850.0",0.5131,42.980
2022-07-27,"22,958.3",0.5110,40.259
2022-07-26,"21,248.7",0.4682,36.270
2022-07-25,"21,301.9",0.4750,36.661
2022-07-24,"22,582.1",0.5124,40.987
2022-07-23,"22,460.4",0.5172,39.990
2022-07-22,"22,675.2",0.4824,40.539
2022-07-21,"23,153.0",0.4995,43.131
2022-07-20,"23,215.2",0.4906,42.040
2022-07-19,"23,410.2",0.5154,44.890
2022-07-18,"22,525.8",0.4914,43.578
2022-07-17,"20,785.6",0.4475,38.557
2022-07-16,"21,209.9",0.4576,39.600
2022-07-15,"20,825.1",0.4417,37.367
2022-07-14,"20,586.0",0.4414,37.132
2022-07-13,"20,250.0",0.4388,34.937
2022-07-12,"19,330.9",0.4171,32.667
2022-07-11,"19,963.2",0.4348,33.448
2022-07-10,"20,847.4",0.4621,36.690
2022-07-09,"21,587.5",0.4780,38.070
2022-07-08,"21,611.2",0.4663,38.134
2022-07-07,"21,637.8",0.4778,38.484
2022-07-06,"20,561.1",0.4622,37.037
2022-07-05,"20,200.6",0.4577,35.411
2022-07-04,"20,215.8",0.4693,36.706
2022-07-03,"19,309.9",0.4559,33.397
2022-07-02,"19,243.2",0.4557,33.348
2022-07-01,"19,262.9",0.4487,32.846
2022-06-30,"19,926.6",0.4591,33.749
2022-06-29,"20,111.3",0.4658,34.003
2022-06-28,"20,278.0",0.4696,35.315
2022-06-27,"20,730.2",0.4849,38.444
2022-06-26,"21,043.5",0.4898,39.411
2022-06-25,"21,489.9",0.4984,42.260
2022-06-24,"21,226.9",0.4980,41.896
2022-06-23,"21,100.7",0.4798,38.150
2022-06-22,"19,965.8",0.4590,34.082
2022-06-21,"20,720.4",0.4813,36.247
2022-06-20,"20,572.3",0.4914,35.265
2022-06-19,"20,577.2",0.4846,34.209
2022-06-18,"18,986.5",0.4551,31.950
2022-06-17,"20,444.6",0.4870,30.667
2022-06-16,"20,386.6",0.4760,30.086
2022-06-15,"22,577.9",0.5351,34.708
2022-06-14,"22,157.3",0.4837,29.633
2022-06-13,"22,448.0",0.4637,28.405
2022-06-12,"26,606.3",0.4907,30.620
2022-06-11,"28,403.4",0.5535,33.874
2022-06-10,"29,083.3",0.5743,37.119
2022-06-09,"30,097.8",0.6321,39.948
2022-06-08,"30,201.6",0.6408,38.805
2022-06-07,"31,128.8",0.6139,39.321
2022-06-06,"31,367.6",0.6094,42.387
2022-06-05,"29,913.0",0.5677,38.523
2022-06-04,"29,864.3",0.5664,38.953
2022-06-03,"29,700.9",0.5602,38.265
2022-06-02,"30,455.5",0.5881,40.864
2022-06-01,"29,798.5",0.5514,40.100
2022-05-31,"31,793.4",0.6255,45.718
2022-05-30,"31,723.3",0.5695,47.206
2022-05-29,"29,465.2",0.4820,44.960
2022-05-28,"29,027.1",0.4644,44.245
2022-05-27,"28,601.2",0.4553,41.076
2022-05-26,"29,203.5",0.4790,43.369
2022-05-25,"29,540.6",0.5145,47.961
2022-05-24,"29,648.7",0.5219,49.659
2022-05-23,"29,093.3",0.5127,49.094
2022-05-22,"30,286.6",0.5418,52.460
2022-05-21,"29,434.6",0.5286,50.293
2022-05-20,"29,178.6",0.5163,49.414
2022-05-19,"30,305.9",0.5331,52.167
2022-05-18,"28,683.7",0.5044,49.910
2022-05-17,"30,437.5",0.5777,57.056
2022-05-16,"29,849.0",0.5564,53.643
2022-05-15,"31,308.7",0.5979,58.664
2022-05-14,"30,080.4",0.5378,52.318
2022-05-13,"29,284.4",0.5295,48.832
2022-05-12,"28,976.0",0.4723,44.622
2022-05-11,"29,068.2",0.5155,50.647
2022-05-10,"31,007.5",0.6285,66.673
2022-05-09,"30,095.0",0.6023,61.967
2022-05-08,"34,060.0",0.7404,75.317
2022-05-07,"35,468.0",0.7602,78.841
2022-05-06,"36,009.0",0.7832,81.639
2022-05-05,"36,544.0",0.7887,84.438
2022-05-04,"39,688.0",0.8990,92.792
2022-05-03,"37,718.0",0.7709,85.833
2022-05-02,"38,514.0",0.7809,87.462
2022-05-01,"38,461.0",0.7892,89.681
2022-04-30,"37,650.0",0.7565,84.757
2022-04-29,"38,581.0",0.8046,93.915
2022-04-28,"39,748.0",0.8432,98.233
2022-04-27,"39,243.0",0.8401,98.324
2022-04-26,"38,113.0",0.8261,95.683
2022-04-25,"40,427.0",0.8974,101.007
2022-04-24,"39,464.0",0.8859,99.227
2022-04-23,"39,418.0",0.8862,100.583
2022-04-22,"39,709.0",0.9059,100.533
2022-04-21,"40,482.0",0.9099,101.757
2022-04-20,"41,368.0",0.9368,105.550
2022-04-19,"41,503.0",0.9528,108.576
2022-04-18,"40,803.0",0.9370,102.304
2022-04-17,"39,703.0",0.9142,100.296
2022-04-16,"40,382.0",0.9504,102.118
2022-04-15,"40,560.0",0.9553,101.407
2022-04-14,"39,936.0",0.9327,100.744
2022-04-13,"41,133.0",0.9737,104.880
2022-04-12,"40,078.0",0.9538,103.181
2022-04-11,"39,497.0",0.9198,99.532
2022-04-10,"42,138.0",1.0260,111.044
2022-04-09,"42,767.0",1.0451,112.812
2022-04-08,"42,275.0",1.0249,110.009
2022-04-07,"43,448.0",1.0902,118.577
2022-04-06,"43,173.0",1.0521,112.990
2022-04-05,"45,506.0",1.1709,126.784
2022-04-04,"46,629.0",1.2127,132.132
2022-04-03,"46,407.0",1.1857,136.804
2022-04-02,"45,811.0",1.1551,132.376
2022-04-01,"46,297.0",1.1656,134.599
2022-03-31,"45,525.0",1.1415,122.919
2022-03-30,"47,075.0",1.1893,120.727
2022-03-29,"47,449.0",1.1901,111.709
2022-03-28,"47,105.0",1.1670,105.689
2022-03-27,"46,859.0",1.1842,107.093
2022-03-26,"44,548.0",1.1529,101.804
2022-03-25,"44,331.0",1.0967,98.649
2022-03-24,"44,013.0",1.1310,102.350
2022-03-23,"42,912.0",1.1065,94.924
2022-03-22,"42,373.0",0.9749,90.424
2022-03-21,"41,022.0",0.9180,88.620
2022-03-20,"41,276.0",0.8787,88.606
2022-03-19,"42,233.0",0.9031,92.435
2022-03-18,"41,767.8",0.8520,89.792
2022-03-17,"40,914.8",0.8358,87.813
2022-03-16,"41,118.7",0.8387,87.795
2022-03-15,"39,285.7",0.7990,82.850
2022-03-14,"39,671.1",0.8031,81.223
2022-03-13,"37,792.4",0.7878,78.858
2022-03-12,"38,814.3",0.7898,81.402
2022-03-11,"38,730.2",0.7889,80.665
2022-03-10,"39,416.3",0.8067,82.871
2022-03-09,"41,929.0",0.8483,88.089
2022-03-08,"38,744.8",0.8019,82.308
2022-03-07,"38,024.8",0.7940,81.786
2022-03-06,"38,403.1",0.8222,84.538
2022-03-05,"39,395.8",0.8642,89.623
2022-03-04,"39,142.7",0.8448,88.275
2022-03-03,"42,463.0",0.9022,95.649
2022-03-02,"43,912.8",0.9381,100.702
2022-03-01,"44,420.3",0.9635,98.630
2022-02-28,"43,188.2",0.9637,99.705
2022-02-27,"37,689.1",0.8567,85.607
2022-02-26,"39,115.5",0.8859,90.130
2022-02-25,"39,209.6",0.8982,92.778
2022-02-24,"38,339.2",0.8530,89.409
2022-02-23,"37,224.6",0.8641,84.431
2022-02-22,"38,248.2",0.8878,86.413
2022-02-21,"37,017.7",0.8563,82.879
2022-02-20,"38,355.0",0.9282,90.600
2022-02-19,"40,090.3",0.9961,91.264
2022-02-18,"40,000.1",0.9952,89.960
2022-02-17,"40,552.8",1.0209,93.591
2022-02-16,"43,883.6",1.0820,101.763
2022-02-15,"44,544.4",1.1063,105.352
2022-02-14,"42,550.3",1.0497,96.458
2022-02-13,"42,061.1",1.0427,92.811
2022-02-12,"42,205.2",1.0580,95.891
2022-02-11,"42,388.4",1.0799,96.483
2022-02-10,"43,521.0",1.1511,106.190
2022-02-09,"44,388.9",1.1933,113.991
2022-02-08,"44,038.2",1.1750,113.293
2022-02-07,"43,833.9",1.1987,117.512
2022-02-06,"42,392.2",1.1428,115.286
2022-02-05,"41,412.1",1.1249,113.912
2022-02-04,"41,567.6",1.1381,112.401
2022-02-03,"37,287.8",1.0591,101.675
2022-02-02,"36,890.2",1.0271,101.908
2022-02-01,"38,709.7",1.0952,109.981
2022-01-31,"38,498.6",1.0519,99.627
2022-01-30,"37,917.7",1.0365,93.385
2022-01-29,"38,170.8",1.0596,96.186
2022-01-28,"37,745.1",1.0488,91.318
2022-01-27,"37,164.3",1.0423,89.422
2022-01-26,"36,800.4",1.0759,91.905
2022-01-25,"36,950.6",1.0419,94.704
2022-01-24,"36,686.3",1.0659,91.784
2022-01-23,"36,269.5",1.1241,99.766
2022-01-22,"35,075.2",1.0708,94.665
2022-01-21,"36,475.5",1.1202,112.362
2022-01-20,"40,715.9",1.2621,127.672
2022-01-19,"41,677.8",1.3368,135.276
2022-01-18,"42,364.6",1.4582,141.282
2022-01-17,"42,209.3",1.6015,139.824
2022-01-16,"43,079.1",1.4109,147.954
2022-01-15,"43,097.0",1.2922,147.677
2022-01-14,"43,073.3",1.2927,146.162
2022-01-13,"42,560.0",1.2304,146.061
2022-01-12,"43,901.0",1.3057,151.437
2022-01-11,"42,733.2",1.1862,140.209
2022-01-10,"41,832.2",1.1240,135.964
2022-01-09,"41,848.3",1.1692,140.755
2022-01-08,"41,672.0",1.1812,142.033
2022-01-07,"41,546.7",1.2071,136.405
2022-01-06,"43,097.5",1.2808,150.336
2022-01-05,"43,425.9",1.2292,154.540
2022-01-04,"45,837.3",1.3099,167.767
2022-01-03,"46,430.2",1.3191,170.039
2022-01-02,"47,311.8",1.3780,176.367
2022-01-01,"47,738.0",1.3789,179.068